Model,Price,Date
Nikon D3200 kit 18-55,12000,2023-05-11
Canon EOS 1300D kit 18-55,13999,2023-05-11
Sony RX100 III,17448,2023-05-11
Panasonic DMC-TZ80,10491,2023-05-11
Panasonic DMC-FZ300,11905,2023-05-11
Canon EOS M200 kit 15-45,19999,2023-05-11
Canon EOS 2000D kit 18-55,15200,2023-05-11
Panasonic DMC-FZ82,11459,2023-05-11
Olympus TG-6,19421,2023-05-11
Panasonic DMC-TZ100,14700,2023-05-11
Panasonic DMC-LX15,16550,2023-05-11
Nikon D5500 body,17500,2023-05-11
Panasonic DMC-GX80 Body,17361,2023-05-11
Panasonic DMC-FZ1000,19900,2023-05-11
Canon EOS M10 kit 15-45,14000,2023-05-11
Canon EOS 7D body,18031,2023-05-11
Olympus E-PL10 kit,13599,2023-05-11
Panasonic DC-TZ90,14699,2023-05-11
Canon EOS 4000D kit 18-55,19332,2023-05-11
Sony A5100 kit 16-50,19498,2023-05-11
Panasonic DMC-GX80 kit 12-32,7095,2023-05-11
Canon EOS 600D Kit 18-55,9999,2023-05-11
Panasonic DMC-G80 body,13000,2023-05-11
Canon EOS 100D kit 18-55,19089,2023-05-11
Panasonic DMC-G7 kit 14-42,19459,2023-05-11
Canon EOS 4000D kit 50,19000,2023-05-11
Canon EOS 60D body,19000,2023-05-11
Nikon D90 kit 18-105,12857,2023-05-11
Nikon D5200 body,7027,2023-05-11
Canon EOS 650D kit 18-55,10734,2023-05-11
Sony HX99,19197,2023-05-11
Canon EOS 2000D body,14633,2023-05-11
Fujifilm X-E3 body,15598,2023-05-11
Sony A68 kit,18340,2023-05-11
Nikon D5100 kit 18-55,18598,2023-05-11
Ricoh WG-6,8571,2023-05-11
Canon PowerShot SX740 HS,18000,2023-05-11
Canon EOS 550D kit 18-135,17529,2023-05-11
Nikon D3400 kit 18-55,11699,2023-05-11
Panasonic DMC-G7 body,10502,2023-05-11
Canon EOS M100 body,18031,2023-05-11
Canon EOS 1300D kit 18-135,13629,2023-05-11
Kodak AZ528,19498,2023-05-11
Kodak AZ405,8958,2023-05-11
Kodak AZ652,7799,2023-05-11
Ricoh WG-80,9151,2023-05-11
Panasonic DC-GX880 kit 12-32,12201,2023-05-11
Canon EOS 700D body,17000,2023-05-11
Ricoh WG-60,13629,2023-05-11
